date,name,track_length,track_length_cum_sum
2006-02-21 18:12:04.874998,MappingAUVOps2006/20060221,9.6957,9.6957
2006-02-22 17:49:57.625999,MappingAUVOps2006/20060222,10.8014,20.4971
2006-03-21 23:43:20.441999,MappingAUVOps2006/20060321,1.1191,21.6162
2006-03-22 18:08:03.718999,MappingAUVOps2006/20060322,15.346,36.962199999999996
2006-04-19 21:12:06.272999,MappingAUVOps2006/20060419,3.7344,40.6966
2006-04-20 15:49:07.051000,MappingAUVOps2006/20060420,14.5845,55.281099999999995
2006-06-05 15:41:35.775001,MappingAUVOps2006/20060605,26.5828,81.8639
2006-06-06 15:19:47.883998,MappingAUVOps2006/20060606,40.9686,122.83250000000001
2006-06-07 14:56:50.417999,MappingAUVOps2006/20060607,35.3159,158.1484
2006-06-08 14:21:25.231000,MappingAUVOps2006/20060608,38.0357,196.1841
2006-06-09 14:57:11.187000,MappingAUVOps2006/20060609,37.8286,234.0127
2006-06-26 16:11:25.243999,MappingAUVOps2006/20060626_520m_RepeatMapping,12.7637,246.7764
2006-06-27 16:31:28.608999,MappingAUVOps2006/20060627_1000m_RepeatMapping,13.4169,260.1933
2006-06-28 15:12:05.557000,MappingAUVOps2006/20060628_300m_RepeatMapping,7.8859,268.0792
2006-06-28 19:30:50.056999,MappingAUVOps2006/20060628_to_20060629_100m_RepeatMapping,16.6866,284.7658
2006-08-16 06:04:38.183998,MappingAUVOps2006/20060816,40.331,325.09680000000003
2006-08-17 20:21:00.965000,MappingAUVOps2006/20060817,34.5813,359.67810000000003
2006-08-28 07:44:49.779998,MappingAUVOps2006/20060828,10.6774,370.3555
2006-09-01 08:06:15.829000,MappingAUVOps2006/20060901,23.0148,393.3703
2006-09-02 07:05:27.093000,MappingAUVOps2006/20060902,27.4118,420.7821
2006-09-03 05:49:09.309000,MappingAUVOps2006/20060903,32.8453,453.6274
2006-09-04 07:18:57.509998,MappingAUVOps2006/20060904,30.6688,484.2962
2006-09-05 05:51:18.570999,MappingAUVOps2006/20060905,33.2901,517.5863
2006-10-11 03:59:24.555000,MappingAUVOps2006/20061011,27.3624,544.9487
2006-10-12 00:36:19.916000,MappingAUVOps2006/20061012,49.9046,594.8533
2006-10-24 15:11:15.413999,MappingAUVOps2006/20061024,17.071,611.9243
2007-01-26 16:45:09.637000,MappingAUVOps2007/20070126,12.1812,624.1055
2007-01-31 17:39:46.645999,MappingAUVOps2007/20070131,25.7554,649.8609
2007-02-01 16:17:09.687000,MappingAUVOps2007/20070201,25.6232,675.4841
2007-02-27 17:43:50.048000,MappingAUVOps2007/20070227,25.7445,701.2286
2007-03-13 14:57:03.944999,MappingAUVOps2007/20070313,41.9533,743.1819
2007-05-09 23:39:39.560001,MappingAUVOps2007/20070509,35.0139,778.1958000000001
2007-05-10 15:12:39.176998,MappingAUVOps2007/20070510,38.4364,816.6322000000001
2007-06-19 14:50:03.454999,MappingAUVOps2007/20070619,16.5914,833.2236000000001
2007-07-11 15:41:20.326000,MappingAUVOps2007/20070711,65.0127,898.2363000000001
2007-07-12 12:47:39.145999,MappingAUVOps2007/20070712,43.9237,942.1600000000001
2007-07-13 04:19:43.354000,MappingAUVOps2007/20070713,42.1377,984.2977000000001
2007-07-13 19:01:45.452999,MappingAUVOps2007/20070713b,43.5813,1027.8790000000001
2007-07-14 10:05:18.333999,MappingAUVOps2007/20070714,2.5862,1030.4652
2007-07-14 14:02:55.286998,MappingAUVOps2007/20070714b,43.173,1073.6382
2007-07-15 04:19:01.095000,MappingAUVOps2007/20070715,43.0621,1116.7003000000002
2007-08-08 08:16:52.868000,MappingAUVOps2007/20070808,37.2639,1153.9642000000001
2007-08-09 17:32:12.269000,MappingAUVOps2007/20070809,39.1188,1193.083
2007-08-12 05:17:26.915000,MappingAUVOps2007/20070812,0.408,1193.491
2008-01-08 16:42:53.588001,MappingAUVOps2008/20080108,13.1789,1206.6699
2008-01-23 18:57:55.652999,MappingAUVOps2008/20080123,19.8225,1226.4924
2008-03-12 16:29:04.609000,MappingAUVOps2008/20080312,31.8863,1258.3787
2008-03-20 00:35:42.834999,MappingAUVOps2008/20080319,48.0007,1306.3794
2008-03-21 02:23:47.234001,MappingAUVOps2008/20080320,91.0537,1397.4331
2008-03-22 02:37:48.830001,MappingAUVOps2008/20080321,92.6927,1490.1258
2008-03-25 23:31:24.619998,MappingAUVOps2008/20080325,10.49,1500.6158
2008-03-26 05:15:10.583999,MappingAUVOps2008/20080326,56.1621,1556.7779
2008-03-26 23:17:20.159999,MappingAUVOps2008/20080327,92.9,1649.6779000000001
2008-03-28 00:47:43.060001,MappingAUVOps2008/20080328,90.58,1740.2579
2008-03-29 00:04:01.079999,MappingAUVOps2008/20080329,92.5595,1832.8174000000001
2008-03-30 00:16:05.017000,MappingAUVOps2008/20080330,88.5108,1921.3282000000002
2008-03-31 14:59:10.784000,MappingAUVOps2008/20080331,89.7006,2011.0288
2008-04-01 16:43:50.561000,MappingAUVOps2008/20080401,45.5752,2056.6040000000003
2008-04-06 19:45:46.639999,MappingAUVOps2008/20080406,88.5749,2145.1789000000003
2008-04-24 16:24:26.131000,MappingAUVOps2008/20080424,31.3461,2176.5250000000005
2008-04-28 16:00:35.930000,MappingAUVOps2008/20080428,32.8586,2209.3836000000006
2008-04-29 15:23:47.152000,MappingAUVOps2008/20080429,32.4201,2241.8037000000004
2008-07-21 16:35:18.250000,MappingAUVOps2008/20080721,13.501,2255.3047000000006
2008-07-22 15:57:45.062000,MappingAUVOps2008/20080722,20.4922,2275.7969000000007
2008-07-23 15:53:08.772000,MappingAUVOps2008/20080723,28.6894,2304.486300000001
2008-08-26 10:57:55.951999,MappingAUVOps2008/20080826,65.1192,2369.605500000001
2008-08-28 05:33:35.584999,MappingAUVOps2008/20080828,71.4861,2441.091600000001
2008-08-29 13:07:24.487998,MappingAUVOps2008/20080829,52.735,2493.8266000000012
2008-09-01 04:28:49.049999,MappingAUVOps2008/20080901,48.1411,2541.967700000001
2008-09-02 03:44:12.381000,MappingAUVOps2008/20080902,54.9349,2596.9026000000013
2008-09-04 09:12:09.847000,MappingAUVOps2008/20080904,71.3963,2668.298900000001
2008-09-22 20:31:22.798000,MappingAUVOps2008/20080922,88.4328,2756.731700000001
2008-09-23 22:23:26.073999,MappingAUVOps2008/20080923,70.4422,2827.173900000001
2008-09-24 19:37:43.775001,MappingAUVOps2008/20080924,32.8252,2859.9991000000014
2008-09-29 22:11:58.514999,MappingAUVOps2008/20080929,84.5224,2944.521500000001
2008-09-30 21:24:44.278999,MappingAUVOps2008/20080930,83.6517,3028.173200000001
2008-10-01 20:28:17.576999,MappingAUVOps2008/20081001,83.3034,3111.476600000001
2008-10-02 19:43:30.582000,MappingAUVOps2008/20081002,88.9586,3200.435200000001
2008-10-27 23:34:26.010999,MappingAUVOps2008/20081027,86.3963,3286.8315000000007
2008-10-29 19:54:45.208999,MappingAUVOps2008/20081029,85.2443,3372.0758000000005
2008-12-01 17:59:02.391999,MappingAUVOps2008/20081201,26.7305,3398.8063000000006
2008-12-02 17:17:33.202999,MappingAUVOps2008/20081202,29.5529,3428.359200000001
2009-03-04 19:00:55.498001,MappingAUVOps2009/20090304,14.0582,3442.4174000000007
2009-03-05 16:45:00.253000,MappingAUVOps2009/20090305,31.6645,3474.0819000000006
2009-03-10 15:52:06.941000,MappingAUVOps2009/20090310,32.1159,3506.1978000000004
2009-03-11 17:12:11.793999,MappingAUVOps2009/20090311,76.8956,3583.0934
2009-03-12 13:40:55.488998,MappingAUVOps2009/20090312,16.7918,3599.8852
2009-03-15 21:58:03.055000,MappingAUVOps2009/20090315,82.213,3682.0982000000004
2009-03-17 21:50:00.894000,MappingAUVOps2009/20090317,84.5714,3766.6696
2009-03-19 03:02:14.442999,MappingAUVOps2009/20090318,81.7257,3848.3953
2009-05-09 02:30:08.694999,MappingAUVOps2009/20090509,69.5038,3917.8991
2009-05-11 03:21:12.326999,MappingAUVOps2009/20090511,55.619,3973.5181000000002
2009-05-12 04:20:49.719001,MappingAUVOps2009/20090512,67.2606,4040.7787000000003
2009-06-24 16:50:42.270000,MappingAUVOps2009/20090624,26.5161,4067.2948
2009-06-25 16:40:02.176000,MappingAUVOps2009/20090625,16.0658,4083.3606
2009-07-17 02:20:54.875999,MappingAUVOps2009/20090717,81.6906,4165.0512
2009-07-18 00:56:57.450000,MappingAUVOps2009/20090718,86.5471,4251.5983
2009-07-22 20:03:03.891000,MappingAUVOps2009/20090722,79.8598,4331.4581
2009-07-23 22:00:20.207000,MappingAUVOps2009/20090723,81.5628,4413.0208999999995
2009-07-24 21:29:47.382999,MappingAUVOps2009/20090724,82.1789,4495.199799999999
2009-07-25 20:44:57.853000,MappingAUVOps2009/20090725,81.4303,4576.630099999999
2009-07-31 15:21:40.333000,MappingAUVOps2009/20090731,37.5156,4614.145699999999
2009-08-01 12:59:35.389999,MappingAUVOps2009/20090801,54.1431,4668.288799999999
2009-08-02 06:49:12.720000,MappingAUVOps2009/20090802,78.8814,4747.1702
2009-08-03 08:17:06.546999,MappingAUVOps2009/20090803,76.2696,4823.439799999999
2009-08-04 09:01:26.486000,MappingAUVOps2009/20090804,73.3964,4896.836199999999
2009-08-05 07:52:10.963000,MappingAUVOps2009/20090805,80.4669,4977.303099999999
2009-08-06 03:04:45.685001,MappingAUVOps2009/20090806,11.503,4988.806099999999
2009-08-10 08:12:02.755000,MappingAUVOps2009/20090810,67.8192,5056.625299999999
2009-08-31 18:02:24.086000,MappingAUVOps2009/20090831,81.8424,5138.467699999999
2009-09-01 23:59:26.059999,MappingAUVOps2009/20090901,17.6068,5156.074499999999
2009-12-01 17:58:48.564998,MappingAUVOps2009/20091201,21.9346,5178.009099999998
2009-12-02 02:01:36.947998,MappingAUVOps2009/20091202,75.3285,5253.337599999998
2009-12-03 01:50:08.315000,MappingAUVOps2009/20091203,74.1322,5327.469799999998
2009-12-09 16:15:49.933998,MappingAUVOps2009/20091209,36.4904,5363.960199999998
2010-01-31 01:03:52.979000,MappingAUVOps2010/20100130,70.7754,5434.735599999998
2010-01-31 23:33:59.353000,MappingAUVOps2010/20100131,11.1962,5445.9317999999985
2010-02-17 20:44:17.677999,MappingAUVOps2010/20100217,73.3826,5519.314399999998
2010-02-19 03:59:23.714000,MappingAUVOps2010/20100219,73.7273,5593.041699999998
2010-02-20 03:00:49.224998,MappingAUVOps2010/20100220,80.538,5673.5796999999975
2010-07-26 16:55:46.805999,MappingAUVOps2010/20100726m1,73.6462,5747.225899999998
2010-08-05 17:19:02.354000,MappingAUVOps2010/20100805m1,5.3349,5752.5607999999975
2010-08-10 18:10:41.728000,MappingAUVOps2010/20100810m1,1.9603,5754.521099999997
2010-08-11 04:07:49.755001,MappingAUVOps2010/20100810m2,8.0477,5762.568799999997
2010-08-11 08:43:00.421999,MappingAUVOps2010/20100811m1,36.7317,5799.300499999998
2010-08-11 20:30:31.670000,MappingAUVOps2010/20100811m2,11.177,5810.477499999997
2010-08-12 11:49:00.088000,MappingAUVOps2010/20100812m1,84.1836,5894.6610999999975
2010-08-13 15:15:25.035999,MappingAUVOps2010/20100813m1,80.3741,5975.0351999999975
2010-08-16 20:09:25.718000,MappingAUVOps2010/20100816m1,29.8933,6004.928499999997
2010-08-17 05:42:30.041999,MappingAUVOps2010/20100816m2,18.8791,6023.807599999997
2010-08-17 23:23:51.296001,MappingAUVOps2010/20100817m1,4.327,6028.134599999998
2010-08-18 05:24:50.530998,MappingAUVOps2010/20100817m2,45.5441,6073.678699999998
2010-08-20 14:29:23.193000,MappingAUVOps2010/20100820m1,83.7247,6157.403399999997
2010-08-21 13:05:23.777999,MappingAUVOps2010/20100821m1,85.2382,6242.641599999997
2010-08-22 11:41:06.793000,MappingAUVOps2010/20100822m1,83.5102,6326.151799999997
2011-04-18 21:32:12.943948,MappingAUVOps2011/20110418m1,4.1066,6330.258399999997
2011-05-09 17:20:19.313982,MappingAUVOps2011/20110509m1,5.1214,6335.379799999997
2011-05-09 20:20:56.481140,MappingAUVOps2011/20110509m2,6.2967,6341.676499999997
2011-05-10 17:52:30.439821,MappingAUVOps2011/20110510m1,83.5341,6425.210599999997
2011-05-11 21:31:18.067554,MappingAUVOps2011/20110511m1,82.933,6508.143599999997
2011-05-25 20:22:16.090381,MappingAUVOps2011/20110525m1,73.9297,6582.073299999996
2011-06-23 16:26:36.440780,MappingAUVOps2011/20110622m1,9.5344,6591.607699999996
2011-06-23 19:51:38.352855,MappingAUVOps2011/20110622m2,9.6398,6601.247499999996
2011-06-29 17:04:13.170870,MappingAUVOps2011/20110629m1,4.2142,6605.461699999996
2011-07-12 18:02:54.066284,MappingAUVOps2011/20110712m1,82.6661,6688.127799999997
2011-07-13 18:02:21.673654,MappingAUVOps2011/20110713m1,24.9544,6713.082199999996
2011-07-16 00:48:34.167194,MappingAUVOps2011/20110715m1,61.2674,6774.349599999996
2011-07-16 21:12:52.658824,MappingAUVOps2011/20110716m1,70.4051,6844.754699999996
2011-07-17 20:43:43.095241,MappingAUVOps2011/20110717m1,70.7431,6915.497799999996
2011-07-18 19:27:47.337982,MappingAUVOps2011/20110718m1,75.5681,6991.065899999996
2011-07-26 14:55:11.025301,MappingAUVOps2011/20110726m1,75.0503,7066.116199999996
2011-07-27 22:15:46.915164,MappingAUVOps2011/20110727m1,74.7179,7140.8340999999955
2011-07-28 21:19:48.297122,MappingAUVOps2011/20110728m1,72.0395,7212.873599999995
2011-08-03 06:25:55.461292,MappingAUVOps2011/20110802m1,79.9612,7292.834799999995
2011-08-04 06:59:50.374099,MappingAUVOps2011/20110803m1,73.6341,7366.468899999995
2011-08-05 05:36:12.185383,MappingAUVOps2011/20110804m1,79.5197,7445.988599999995
2011-10-06 16:13:36.348777,OceanImaging2011/20111006VentanaPortugueseLedge,0.6894,7446.677999999995
2011-10-19 03:41:55.796333,MappingAUVOps2011/20111018m1,67.9156,7514.593599999996
2011-10-20 19:38:48.143009,MappingAUVOps2011/20111020m1,84.7542,7599.347799999996
2011-11-15 18:16:34.842426,MappingAUVOps2011/20111115m1,20.4552,7619.802999999996
2012-01-25 18:12:37.825836,MappingAUVOps2012/20120125m1,19.4327,7639.2356999999965
2012-03-11 05:43:21.201049,MappingAUVOps2012/20120310m1,65.967,7705.202699999996
2012-03-12 04:13:36.452720,MappingAUVOps2012/20120311m1,1.6425,7706.845199999996
2012-03-12 22:05:34.706268,MappingAUVOps2012/20120312m2,2.085,7708.930199999996
2012-03-13 05:16:02.472493,MappingAUVOps2012/20120312m3,1.9615,7710.8916999999965
2012-03-13 17:24:29.740821,MappingAUVOps2012/20120313m1,63.1218,7774.013499999996
2012-03-15 06:25:41.355697,MappingAUVOps2012/20120314m1,70.8489,7844.862399999996
2012-03-16 08:24:43.546314,MappingAUVOps2012/20120316m1,41.1737,7886.036099999997
2012-03-18 21:32:45.973430,MappingAUVOps2012/20120318m1,78.5743,7964.610399999997
2012-03-22 23:04:09.383387,MappingAUVOps2012/20120322m1,81.7753,8046.385699999997
2012-03-24 02:47:07.475942,MappingAUVOps2012/20120323m1,76.8864,8123.272099999997
2012-03-25 02:29:17.608797,MappingAUVOps2012/20120324m1,79.013,8202.285099999997
2012-03-26 01:06:44.305328,MappingAUVOps2012/20120325m1,82.3534,8284.638499999997
2012-03-27 06:22:36.222839,MappingAUVOps2012/20120326m1,74.2153,8358.853799999997
2012-03-28 04:39:38.599895,MappingAUVOps2012/20120327m1,75.6971,8434.550899999997
2012-04-04 03:12:50.809185,MappingAUVOps2012/20120403m1,73.0143,8507.565199999997
2012-04-05 02:13:27.198432,MappingAUVOps2012/20120404m1,75.4311,8582.996299999997
2012-04-06 01:15:09.947820,MappingAUVOps2012/20120405m1,75.779,8658.775299999998
2012-04-07 00:25:10.634563,MappingAUVOps2012/20120406m1,75.6018,8734.377099999998
2012-04-11 03:22:23.030124,MappingAUVOps2012/20120410m1,76.5532,8810.930299999998
2012-04-12 02:57:32.182266,MappingAUVOps2012/20120411m1,73.8917,8884.821999999998
2012-04-14 02:11:48.546741,MappingAUVOps2012/20120413m1,66.4856,8951.307599999998
2012-04-18 01:30:05.214558,MappingAUVOps2012/20120417m1,67.1307,9018.438299999998
2012-04-19 00:19:57.734592,MappingAUVOps2012/20120418m1,76.671,9095.109299999998
2012-04-19 23:46:12.611872,MappingAUVOps2012/20120419m1,65.104,9160.213299999998
2012-04-20 22:41:11.316201,MappingAUVOps2012/20120420m1,71.8782,9232.091499999997
2012-06-28 15:44:01.090665,OceanImaging2012/20120625WesternFlyer/d20120628,2.8126,9234.904099999996
2012-10-30 20:04:18.379144,MappingAUVOps2012/20121030m1,6.705,9241.609099999996
2012-10-31 17:04:49.053123,MappingAUVOps2012/20121031m1,15.2352,9256.844299999995
2012-11-07 00:16:39.898857,MappingAUVOps2012/20121106m1,46.1354,9302.979699999994
2012-11-28 00:46:47.780998,OceanImaging2012/20121127WesternFlyer/d20121127,0.6722,9303.651899999995
2013-02-26 21:42:33.207561,MappingAUVOps2013/20130226m1,2.1067,9305.758599999996
2013-03-05 21:16:39.988430,MappingAUVOps2013/20130306m1,84.2954,9390.053999999996
2013-03-06 21:06:12.498084,MappingAUVOps2013/20130307m1,85.1877,9475.241699999997
2013-03-07 20:31:50.167755,MappingAUVOps2013/20130308m1,82.1239,9557.365599999997
2013-03-08 19:46:27.079402,MappingAUVOps2013/20130309m1,82.9992,9640.364799999998
2013-03-09 21:28:41.382118,MappingAUVOps2013/20130310m1,81.2144,9721.579199999998
2013-03-10 21:53:29.713743,MappingAUVOps2013/20130311m1,85.4103,9806.989499999998
2013-03-11 21:40:34.248313,MappingAUVOps2013/20130312m1,80.6815,9887.670999999998
2013-04-12 23:54:18.829702,MappingAUVOps2013/20130413m1,47.5188,9935.189799999998
2013-04-13 20:08:35.302230,MappingAUVOps2013/20130414m1,73.3447,10008.534499999998
2013-04-14 18:09:39.295749,MappingAUVOps2013/20130415m1,78.4042,10086.938699999999
2013-04-16 19:01:09.619527,MappingAUVOps2013/20130417m1,75.1087,10162.0474
2013-06-26 01:03:41.400001,OceanImaging2013/20130625WesternFlyer/d20130625,0.1175,10162.1649
2013-06-26 15:19:44.005035,OceanImaging2013/20130625WesternFlyer/d20130626,5.6402,10167.8051
2013-06-27 15:57:05.789571,OceanImaging2013/20130625WesternFlyer/d20130627,3.5299,10171.335
2013-06-28 15:18:47.350940,OceanImaging2013/20130625WesternFlyer/d20130628,4.3305,10175.6655
2013-09-30 19:31:59.493999,MappingAUVOps2013/20130930m1,81.0642,10256.7297
2013-10-01 23:31:39.230999,MappingAUVOps2013/20131001m1,78.0834,10334.8131
2013-10-02 23:54:04.548000,MappingAUVOps2013/20131002m1,79.9329,10414.746
2013-10-04 02:11:15.392999,MappingAUVOps2013/20131003m1,66.9282,10481.6742
2013-10-05 03:20:21.972000,MappingAUVOps2013/20131004m1,80.2583,10561.932499999999
2013-10-06 03:02:01.486000,MappingAUVOps2013/20131005m1,44.3372,10606.269699999999
2013-10-08 01:08:49.782001,MappingAUVOps2013/20131007m1,81.4966,10687.7663
2013-12-04 17:08:55.711998,OceanImaging2013/20131203WesternFlyer/d20131204,4.766,10692.532299999999
2013-12-05 17:13:30.472000,OceanImaging2013/20131203WesternFlyer/d20131205,5.9316,10698.463899999999
2013-12-06 15:31:27.360000,OceanImaging2013/20131203WesternFlyer/d20131206,1.0341,10699.498
2014-03-06 20:06:08.340999,MappingAUVOps2014/20140306m1,2.3909,10701.8889
2014-03-06 21:42:10.838999,MappingAUVOps2014/20140306m2,6.8136,10708.7025
2014-03-25 17:33:43.160999,MappingAUVOps2014/20140325m1,73.4263,10782.128799999999
2014-03-26 15:17:47.745998,MappingAUVOps2014/20140326m1,23.6876,10805.816399999998
2014-03-27 06:47:53.785999,MappingAUVOps2014/20140327m1,71.3762,10877.192599999998
2014-04-22 17:06:52.695999,MappingAUVOps2014/20140422m1,29.5309,10906.723499999998
2014-04-23 02:15:11.227999,MappingAUVOps2014/20140423m1/DataStore6046,39.1007,10945.8242
2014-04-24 07:35:57.250999,MappingAUVOps2014/20140424m1,81.7135,11027.537699999999
2014-04-25 03:28:56.270000,MappingAUVOps2014/20140425m1,60.9181,11088.4558
2014-05-08 20:05:52.583999,OceanImaging2014/20140508WesternFlyer/d20140508,0.8778,11089.3336
2014-05-09 23:12:23.312000,OceanImaging2014/20140508WesternFlyer/d20140509,0.8246,11090.1582
2014-05-10 16:18:25.319000,OceanImaging2014/20140508WesternFlyer/d20140510,3.1221,11093.2803
2014-05-11 16:35:40.900001,OceanImaging2014/20140508WesternFlyer/d20140511,4.0767,11097.357
2014-05-12 14:58:45.930000,OceanImaging2014/20140508WesternFlyer/d20140512,5.4804,11102.8374
2014-05-15 17:29:15.901000,MappingAUVOps2014/20140515m1,1.4745,11104.3119
2014-05-15 18:06:47.700000,MappingAUVOps2014/20140515m2,1.4531,11105.765000000001
2014-05-15 18:48:09.364999,MappingAUVOps2014/20140515m3,1.4315,11107.196500000002
2014-05-15 20:26:32.307998,MappingAUVOps2014/20140515m4,0.5995,11107.796000000002
2014-05-15 20:46:03.931000,MappingAUVOps2014/20140515m5,1.4141,11109.210100000002
2014-05-15 21:11:49.769001,MappingAUVOps2014/20140515m6,1.4953,11110.705400000003
2014-05-15 21:38:03.256999,MappingAUVOps2014/20140515m7,1.4549,11112.160300000003
2014-05-19 19:02:26.784999,OceanImaging2014/20140519RachelCarson/d20140519,1.2842,11113.444500000003
2014-05-29 16:19:08.007999,MappingAUVOps2014/20140529m1/DataStore6046,10.6975,11124.142000000003
2014-07-09 15:05:21.702999,MappingAUVOps2014/20140709m1,51.7842,11175.926200000004
2014-07-12 03:16:22.277999,MappingAUVOps2014/20140711m1,5.4584,11181.384600000003
2014-08-04 19:38:43.513999,MappingAUVOps2014/20140804m1,73.324,11254.708600000004
2014-08-05 17:38:16.473999,MappingAUVOps2014/20140805m1,80.3443,11335.052900000004
2014-08-06 16:00:18.770999,MappingAUVOps2014/20140806m1,74.4849,11409.537800000004
2014-08-07 11:09:40.389999,MappingAUVOps2014/20140807m1,20.9482,11430.486000000004
2014-08-14 05:05:54.138999,MappingAUVOps2014/20140813m1,73.7628,11504.248800000005
2014-08-15 05:18:01.243000,MappingAUVOps2014/20140814m1,74.5052,11578.754000000004
2014-08-16 03:03:07.343999,MappingAUVOps2014/20140815m1,18.4446,11597.198600000005
2014-08-16 11:45:19.735000,MappingAUVOps2014/20140816m1,76.6406,11673.839200000006
2014-08-16 19:22:50.451000,OceanImaging2014/20140816RachelCarson/d20140816,4.2333,11678.072500000006
2014-08-17 10:31:27.462999,MappingAUVOps2014/20140817m1,77.9124,11755.984900000005
2014-08-23 22:37:10.225000,MappingAUVOps2014/20140823m1,69.7791,11825.764000000005
2014-08-24 23:24:45.669998,MappingAUVOps2014/20140824m1,71.358,11897.122000000005
2014-08-25 21:08:21.857999,MappingAUVOps2014/20140825m1,23.47,11920.592000000004
2014-08-26 10:45:00.344000,MappingAUVOps2014/20140826m1,69.0154,11989.607400000004
2014-12-06 20:20:36.721000,OceanImaging2014/20141204WesternFlyer/d20141206/multibeam2,2.2578,11991.865200000004
2014-12-07 16:49:09.687999,OceanImaging2014/20141204WesternFlyer/d20141207,4.3034,11996.168600000005
2014-12-08 15:50:36.183998,OceanImaging2014/20141204WesternFlyer/d20141208,2.1163,11998.284900000004
2015-02-09 19:07:51.720001,MappingAUVOps2015/20150209m1,22.3041,12020.589000000004
2015-02-18 21:41:34.595001,MappingAUVOps2015/20150218m1,77.7501,12098.339100000003
2015-02-19 19:27:21.542999,MappingAUVOps2015/20150219m1,60.253,12158.592100000003
2015-02-23 09:06:11.484999,MappingAUVOps2015/20150223m1,62.9321,12221.524200000003
2015-02-24 02:56:35.310001,MappingAUVOps2015/20150224m1,14.5278,12236.052000000003
2015-02-28 03:36:35.298999,MappingAUVOps2015/20150227m1,78.2233,12314.275300000003
2015-03-01 01:55:29.350999,MappingAUVOps2015/20150228m1,71.3486,12385.623900000002
2015-03-01 23:40:19.874000,MappingAUVOps2015/20150301m1,76.2866,12461.910500000002
2015-03-02 21:52:33.639999,MappingAUVOps2015/20150302m1,75.0739,12536.984400000001
2015-03-03 20:41:06.562000,MappingAUVOps2015/20150303m1,73.0813,12610.065700000001
2015-03-04 20:05:38.548000,MappingAUVOps2015/20150304m1,72.8142,12682.879900000002
2015-03-05 21:08:49.421001,MappingAUVOps2015/20150305m1,65.8103,12748.690200000001
2015-03-07 00:17:24.464000,MappingAUVOps2015/20150306m2,64.358,12813.048200000001
2015-03-12 13:49:25.194999,MappingAUVOps2015/20150312m1,6.5835,12819.631700000002
2015-03-12 15:13:19.583999,MappingAUVOps2015/20150312m2,6.6914,12826.323100000001
2015-03-12 20:42:04.149000,MappingAUVOps2015/20150312m3,6.5736,12832.896700000001
2015-03-12 22:33:10.911999,MappingAUVOps2015/20150312m4,7.4632,12840.359900000001
2015-03-13 14:11:13.449999,MappingAUVOps2015/20150313m1,2.9938,12843.353700000001
2015-03-13 15:25:08.413999,MappingAUVOps2015/20150313m2,11.3901,12854.743800000002
2015-03-14 14:01:57.492000,MappingAUVOps2015/20150314m1,2.8265,12857.570300000001
2015-03-14 14:48:39.585998,MappingAUVOps2015/20150314m2,12.0042,12869.5745
2015-03-14 17:06:22.829999,MappingAUVOps2015/20150314m3,12.3267,12881.9012
2015-03-26 02:38:39.141998,MappingAUVOps2015/20150325m1,78.2415,12960.1427
2015-03-26 23:48:10.470999,MappingAUVOps2015/20150326m1,80.3375,13040.4802
2015-03-27 22:55:11.340999,MappingAUVOps2015/20150327m1,76.245,13116.7252
2015-03-28 23:57:12.315000,MappingAUVOps2015/20150328m1,77.2025,13193.9277
2015-03-29 21:02:07.237999,MappingAUVOps2015/20150329m1,80.3728,13274.3005
2015-03-30 18:02:38.581001,MappingAUVOps2015/20150330m1,79.7747,13354.0752
2015-03-31 14:59:52.777000,MappingAUVOps2015/20150331m1,80.743,13434.8182
2015-08-17 21:40:29.208000,MappingAUVOps2015/20150817m1,77.1498,13511.967999999999
2015-08-18 19:02:39.887001,MappingAUVOps2015/20150818m1,78.2932,13590.261199999999
2015-08-19 17:08:26.194999,MappingAUVOps2015/20150819m1,81.7607,13672.0219
2015-08-20 14:38:19.101999,MappingAUVOps2015/20150820m1,82.1935,13754.2154
2015-08-21 09:59:48.957000,MappingAUVOps2015/20150821m1,45.8381,13800.0535
2015-08-27 18:28:51.818000,MappingAUVOps2015/20150827m1,4.2642,13804.3177
2015-08-27 21:45:19.542999,MappingAUVOps2015/20150827m2,0.8117,13805.1294
2015-08-28 20:51:32.313175,MappingAUVOps2015/20150828m1,1.5495,13806.678899999999
2015-09-28 16:49:33.779941,MappingAUVOps2015/20150928m1,6.0806,13812.759499999998
2015-11-04 20:16:01.769000,MappingAUVOps2015/20151104m1,83.0598,13895.8193
2015-11-05 01:22:14.584438,MappingAUVOps2015/20151104m3,8.1831,13904.0024
2015-11-05 06:48:32.154491,MappingAUVOps2015/20151104m4,40.7464,13944.7488
2015-11-05 18:25:03.012000,MappingAUVOps2015/20151105m1,80.9409,14025.689699999999
2015-11-06 02:06:11.349071,MappingAUVOps2015/20151105m2,7.6331,14033.322799999998
2015-11-06 06:49:52.679527,MappingAUVOps2015/20151105m3,28.0155,14061.338299999998
2015-11-06 15:11:53.236000,MappingAUVOps2015/20151106m1,34.2017,14095.539999999997
2015-11-17 18:21:35.993000,OceanImaging2015/20151116WesternFlyer/d20151117,1.697,14097.236999999997
2015-11-18 17:58:23.380001,OceanImaging2015/20151116WesternFlyer/d20151118,1.6339,14098.870899999998
2015-11-18 22:23:58.191999,OceanImaging2016/Test,0.0031,14098.873999999998
2015-11-19 15:50:33.151000,OceanImaging2015/20151116WesternFlyer/d20151119,6.0102,14104.884199999999
2015-11-20 16:08:40.397998,OceanImaging2015/20151116WesternFlyer/d20151120,5.2723,14110.1565
2015-11-21 15:32:21.031000,OceanImaging2015/20151116WesternFlyer/d20151121,6.1045,14116.260999999999
2015-11-22 15:28:58.653999,OceanImaging2015/20151116WesternFlyer/d20151122,3.232,14119.492999999999
2015-12-01 18:21:50.825000,MappingAUVOps2015/20151201m1,82.0865,14201.579499999998
2015-12-01 23:05:20.664493,MappingAUVOps2015/20151201m2,21.4054,14222.984899999998
2015-12-02 16:30:09.937999,MappingAUVOps2015/20151202m1,80.8907,14303.875599999998
2015-12-03 03:00:57.681999,MappingAUVOps2015/20151202m2,85.573,14389.448599999998
2015-12-03 12:20:59.654998,MappingAUVOps2015/20151203m1,41.1237,14430.572299999998
2016-01-28 16:45:15.053565,MappingAUVOps2016/20160128m1,35.4209,14465.993199999997
2016-01-29 15:56:27.813512,MappingAUVOps2016/20160129m1,36.8568,14502.849999999997
2016-02-04 19:37:17.897155,MappingAUVOps2016/20160204m2,15.1401,14517.990099999997
2016-03-02 20:06:21.006999,MappingAUVOps2016/20160302m2,8.2868,14526.276899999997
2016-03-21 16:44:03.051819,MappingAUVOps2016/20160321m1,18.2151,14544.491999999997
2016-03-22 01:10:41.156593,MappingAUVOps2016/20160321m2,71.4578,14615.949799999997
2016-03-22 21:42:56.505004,MappingAUVOps2016/20160322m1,3.6125,14619.562299999996
2016-03-23 03:21:38.381000,MappingAUVOps2016/20160322m2,89.44,14709.002299999996
2016-03-25 16:39:44.764999,MappingAUVOps2016/20160325m1,1.0289,14710.031199999996
2016-03-25 18:38:57.988998,MappingAUVOps2016/20160325m2,10.0642,14720.095399999997
2016-04-13 16:48:44.491001,MappingAUVOps2016/20160413m2,10.308,14730.403399999997
2016-04-13 19:53:54.173999,MappingAUVOps2016/20160413m4,5.7991,14736.202499999998
2016-04-13 20:27:55.863998,MappingAUVOps2016/20160413m5,1.0264,14737.228899999998
2016-04-14 15:40:09.767000,MappingAUVOps2016/20160414m1,9.3814,14746.610299999998
2016-04-18 19:05:31.127000,MappingAUVOps2016/20160418m3,6.9566,14753.566899999998
2016-04-18 19:36:05.649000,MappingAUVOps2016/20160418m4,87.5001,14841.066999999997
2016-05-09 22:51:55.714000,OceanImaging2016/20160509WesternFlyer/d20160509,0.4737,14841.540699999998
2016-05-10 15:54:30.737998,OceanImaging2016/20160509WesternFlyer/d20160510,4.4401,14845.980799999998
2016-05-10 18:53:04.025000,OceanImaging2016/20160509WesternFlyer/LidarTest,0.0699,14846.050699999998
2016-05-11 15:45:45.597000,OceanImaging2016/20160509WesternFlyer/d20160511,5.6126,14851.663299999998
2016-05-11 15:46:55.276999,OceanImaging2016/20160509WesternFlyer/d20160511/lidar/CCEDEEP_20160511,5.6006,14857.263899999998
2016-05-12 15:42:00.229000,OceanImaging2016/20160509WesternFlyer/d20160512,2.838,14860.101899999998
2016-05-12 15:42:22.864000,OceanImaging2016/20160509WesternFlyer/d20160512/lidar/CCE_Bin_Survey,2.8188,14862.920699999997
2016-06-14 19:48:42.641998,MappingAUVOps2016/20160614m1,4.2314,14867.152099999998
2016-07-11 17:43:01.046000,MappingAUVOps2016/20160711m1,0.9841,14868.136199999997
2016-07-11 18:14:06.331999,MappingAUVOps2016/20160711m2,5.1961,14873.332299999996
2016-07-15 21:40:57.230999,MappingAUVOps2016/20160715m3,0.983,14874.315299999997
2016-07-15 22:08:53.326999,MappingAUVOps2016/20160715m4,3.6603,14877.975599999996
2016-07-17 22:01:41.312999,MappingAUVOps2016/20160717m2,8.1197,14886.095299999995
2016-07-18 02:56:36.429115,MappingAUVOps2016/20160717m5,8.1717,14894.266999999996
2016-07-21 06:55:17.046375,MappingAUVOps2016/20160720m1,89.0644,14983.331399999995
2016-07-21 10:30:56.539001,MappingAUVOps2016/20160721m1,81.084,15064.415399999996
2016-07-22 07:20:46.157756,MappingAUVOps2016/20160721m2,51.5332,15115.948599999996
2016-07-23 00:12:35.114948,MappingAUVOps2016/20160722m2,45.8025,15161.751099999996
2016-07-23 11:59:56.432998,MappingAUVOps2016/20160723m1,33.7212,15195.472299999996
2016-07-23 15:17:55.704731,MappingAUVOps2016/20160723m2,86.7131,15282.185399999997
2016-07-24 06:39:30.049999,MappingAUVOps2016/20160723m3,60.9905,15343.175899999997
2016-07-24 15:59:44.439121,MappingAUVOps2016/20160724m1,82.4492,15425.625099999996
2016-07-25 04:07:52.355999,MappingAUVOps2016/20160724m3,19.1938,15444.818899999995
2016-07-30 23:04:03.599999,MappingAUVOps2016/20160730m1,42.188,15487.006899999995
2016-07-31 01:23:32.380851,MappingAUVOps2016/20160730m2,61.6383,15548.645199999995
2016-08-01 07:14:10.216123,MappingAUVOps2016/20160731m3,84.5094,15633.154599999996
2016-08-02 09:46:12.987823,MappingAUVOps2016/20160802m1,85.1543,15718.308899999996
2016-08-02 12:46:50.349998,MappingAUVOps2016/20160802m2,60.2735,15778.582399999996
2016-08-07 18:16:58.836998,MappingAUVOps2016/20160807m2,70.2864,15848.868799999997
2016-08-07 21:59:24.593637,MappingAUVOps2016/20160807m3,69.1856,15918.054399999997
2016-08-09 10:10:30.048999,MappingAUVOps2016/20160809m1,73.2425,15991.296899999998
2016-08-09 16:19:23.261152,MappingAUVOps2016/20160809m2,70.9117,16062.208599999998
2016-08-10 10:21:19.128000,MappingAUVOps2016/20160810m1,76.8629,16139.071499999998
2016-08-10 16:31:14.133487,MappingAUVOps2016/20160810m2,68.0675,16207.138999999997
2016-09-26 02:34:54.236797,MappingAUVOps2016/20160925m1,41.7814,16248.920399999997
2016-09-27 01:58:13.710000,MappingAUVOps2016/20160926m1,72.0748,16320.995199999998
2016-09-28 01:43:16.098999,MappingAUVOps2016/20160927m1,71.5892,16392.584399999996
2016-09-28 02:10:23.195571,MappingAUVOps2016/20160927m2,64.7181,16457.302499999994
2016-09-29 00:05:56.317642,MappingAUVOps2016/20160928m1,36.0035,16493.305999999993
2016-09-29 02:10:18.739000,MappingAUVOps2016/20160928m2,72.4692,16565.775199999993
2016-09-30 02:36:54.421001,MappingAUVOps2016/20160929m1,77.8022,16643.57739999999
2016-09-30 03:49:24.078723,MappingAUVOps2016/20160929m2,73.4662,16717.04359999999
2016-10-01 23:44:20.084337,MappingAUVOps2016/20161001m1,73.0054,16790.048999999988
2016-10-02 01:27:28.471000,MappingAUVOps2016/20161001m2,79.7695,16869.818499999987
2016-10-27 19:15:02.275000,OceanImaging2016/20161026WesternFlyer/d20161027/lidar/20161027_patch,0.2426,16870.061099999988
2016-10-27 19:33:43.372062,OceanImaging2016/20161026WesternFlyer/d20161027,2.8415,16872.902599999987
2016-10-27 20:29:58.469000,OceanImaging2016/20161026WesternFlyer/d20161027/lidar/20161027_survey1,2.5805,16875.483099999987
2016-10-28 14:40:23.034006,OceanImaging2016/20161026WesternFlyer/d20161028,6.2153,16881.698399999987
2016-10-28 18:22:52.779999,OceanImaging2016/20161026WesternFlyer/d20161028/lidar/20161028_survey3,4.1935,16885.891899999988
2016-11-18 20:23:45.597000,OceanImaging2016/20161118RachelCarson/d20161118,1.0012,16886.893099999987
2016-11-21 17:37:45.488952,OceanImaging2016/20161118RachelCarson/d20161121,1.4074,16888.300499999987
2016-12-01 19:28:30.302999,MappingAUVOps2016/20161201m1,13.7797,16902.080199999986
2016-12-01 20:21:06.144382,MappingAUVOps2016/20161201m2,11.9402,16914.020399999987
2016-12-06 17:04:28.500999,MappingAUVOps2016/20161206m1,83.6426,16997.662999999986
2016-12-06 19:04:31.183689,MappingAUVOps2016/20161206m2,81.048,17078.710999999985
2016-12-07 14:34:04.371000,MappingAUVOps2016/20161207m1,82.2139,17160.924899999984
2016-12-07 17:40:49.849082,MappingAUVOps2016/20161207m2_messedup,83.3493,17244.274199999985
2017-01-30 17:56:50.798000,MappingAUVOps2017/20170130m2,8.7344,17253.008599999986
2017-02-21 22:14:10.882000,MappingAUVOps2017/20170221m1,8.7118,17261.720399999987
2017-02-22 02:59:17.882000,MappingAUVOps2017/20170221m3,64.9386,17326.65899999999
2017-02-23 02:57:06.223999,MappingAUVOps2017/20170222m1,4.127,17330.78599999999
2017-02-23 06:32:08.784999,MappingAUVOps2017/20170222m2,84.9614,17415.74739999999
2017-02-24 03:47:43.188999,MappingAUVOps2017/20170223m1,84.1867,17499.934099999988
2017-02-27 18:27:31.573999,MappingAUVOps2017/20170227m1,4.5193,17504.453399999988
2017-02-27 20:17:58.136001,MappingAUVOps2017/20170227m3,8.7625,17513.21589999999
2017-03-02 16:33:16.811000,MappingAUVOps2017/20170302m1,29.7952,17543.01109999999
2017-03-07 19:30:02.145999,OceanImaging2017/20170307WesternFlyer/d20170307,3.0554,17546.06649999999
2017-03-07 20:19:03.562000,OceanImaging2017/20170307WesternFlyer/d20170307/lidar/20170307_1_survey1,2.8374,17548.90389999999
2017-03-08 15:25:13.965000,OceanImaging2017/20170307WesternFlyer/d20170308,6.2471,17555.15099999999
2017-03-08 15:46:36.073999,OceanImaging2017/20170307WesternFlyer/d20170308/lidar/20170308_2_survey3,5.1647,17560.315699999992
2017-03-08 23:42:14.848000,OceanImaging2017/20170307WesternFlyer/d20170308/lidar/20170308_2_survey4,0.8211,17561.136799999993
2017-03-09 01:11:28.661999,OceanImaging2017/20170307WesternFlyer/d20170308/lidar/20170308_2_survey5,0.035,17561.171799999993
2017-03-09 16:12:40.393001,OceanImaging2017/20170307WesternFlyer/d20170309,4.6259,17565.797699999992
2017-03-09 16:13:07.127000,OceanImaging2017/20170307WesternFlyer/d20170309/lidar/20170309_3_camcal,0.0009,17565.79859999999
2017-03-09 17:13:14.125000,OceanImaging2017/20170307WesternFlyer/d20170309/lidar/20170309_3_survey6,4.4497,17570.248299999992
2017-03-10 16:07:37.805999,OceanImaging2017/20170307WesternFlyer/d20170310,5.2322,17575.48049999999
2017-03-10 16:08:04.003999,OceanImaging2017/20170307WesternFlyer/d20170310/lidar/20170310_3_survey7,3.0917,17578.57219999999
2017-03-11 15:44:57.234001,OceanImaging2017/20170307WesternFlyer/d20170311,4.6587,17583.23089999999
2017-03-11 15:45:42.424000,OceanImaging2017/20170307WesternFlyer/d20170311/lidar/20170311_4_survey10,1.0184,17584.249299999992
2017-03-11 17:29:07.144999,OceanImaging2017/20170307WesternFlyer/d20170311/lidar/20170311_4_survey11,2.8894,17587.138699999992
2017-03-11 22:06:39.865999,OceanImaging2017/20170307WesternFlyer/d20170311/lidar/20170311_4_survey12,0.7148,17587.853499999994
2017-03-12 14:36:27.235000,OceanImaging2017/20170307WesternFlyer/d20170312,1.4265,17589.279999999995
2017-03-12 14:37:23.059999,OceanImaging2017/20170307WesternFlyer/d20170312/lidar/20170312_5_survey13,0.0722,17589.352199999994
2017-03-12 14:52:19.407000,OceanImaging2017/20170307WesternFlyer/d20170312/lidar/20170312_5_survey14,0.1107,17589.462899999995
2017-03-12 15:19:22.121000,OceanImaging2017/20170307WesternFlyer/d20170312/lidar/20170312_5_survey15,1.2551,17590.717999999993
2017-03-23 21:16:05.927380,MappingAUVOps2017/20170323m1,76.6549,17667.372899999995
2017-03-23 21:36:47.473999,MappingAUVOps2017/20170323m2,81.052,17748.424899999995
2017-03-24 19:40:16.905000,MappingAUVOps2017/20170324m1,6.5699,17754.994799999993
2017-03-24 20:19:53.995330,MappingAUVOps2017/20170324m2,6.5963,17761.591099999994
2017-05-07 10:12:41.187000,MappingAUVOps2017/20170507m1,76.3631,17837.954199999993
2017-05-08 12:52:29.674999,MappingAUVOps2017/20170508m1,80.2216,17918.175799999994
2017-05-09 13:26:25.119998,MappingAUVOps2017/20170509m1,47.6622,17965.837999999992
2017-05-10 11:04:53.680999,MappingAUVOps2017/20170510m1,74.3814,18040.21939999999
2017-05-12 03:04:59.702999,MappingAUVOps2017/20170512m1,93.044,18133.263399999993
2017-05-14 14:37:43.243999,MappingAUVOps2017/20170514m1,52.0118,18185.275199999993
2017-05-15 23:51:50.405998,MappingAUVOps2017/20170516m1,50.2072,18235.482399999994
2017-05-16 16:26:16.013999,MappingAUVOps2017/20170517m1,88.423,18323.905399999992
2017-05-17 15:48:02.065999,MappingAUVOps2017/20170517m2,49.1068,18373.012199999994
2017-05-18 15:53:26.652000,MappingAUVOps2017/20170518m1,39.0701,18412.082299999995
2017-05-19 09:33:59.332000,MappingAUVOps2017/20170519m1,98.0235,18510.105799999994
2017-07-04 19:23:23.005001,MappingAUVOps2017/20170704m2,1.852,18511.957799999993
2017-07-05 12:50:32.398998,MappingAUVOps2017/20170705m1,2.0647,18514.022499999992
2017-07-06 12:25:43.377998,MappingAUVOps2017/20170706m1/Iceberg2,5.4861,18519.50859999999
2017-07-07 12:06:57.679000,MappingAUVOps2017/20170707m1,0.8653,18520.37389999999
2017-07-07 12:54:18.294000,MappingAUVOps2017/20170707m2,0.641,18521.01489999999
2017-07-07 18:14:58.687000,MappingAUVOps2017/20170707m3,0.8139,18521.828799999992
2017-07-08 12:35:03.826000,MappingAUVOps2017/20170708m1,2.4401,18524.268899999992
2017-07-08 17:46:05.211999,MappingAUVOps2017/20170708m2,2.3708,18526.639699999992
2017-07-08 23:07:56.618999,MappingAUVOps2017/20170708m3,1.5278,18528.167499999992
2017-07-09 14:16:32.493000,MappingAUVOps2017/20170709m1,1.3137,18529.48119999999
2017-07-09 17:41:56.076000,MappingAUVOps2017/20170709m2,2.2978,18531.77899999999
2017-07-09 19:25:16.839000,MappingAUVOps2017/20170709m3,2.4435,18534.222499999993
2017-07-09 22:33:42.166999,MappingAUVOps2017/20170709m4,3.9007,18538.12319999999
2017-07-10 16:25:26.586999,MappingAUVOps2017/20170710m2,0.0904,18538.213599999992
2017-07-10 17:08:27.030000,MappingAUVOps2017/20170710m3,2.2112,18540.424799999993
2017-07-10 17:59:16.792999,MappingAUVOps2017/20170710m4,3.7905,18544.215299999993
2017-07-11 17:51:49.763000,MappingAUVOps2017/20170711m3,1.6662,18545.881499999992
2017-07-11 19:16:48.102001,MappingAUVOps2017/20170711m4,1.301,18547.18249999999
2017-09-05 23:34:32.818000,MappingAUVOps2017/20170905m1,68.7052,18615.887699999992
2017-09-08 21:47:44.752998,MappingAUVOps2017/20170908m1,83.9725,18699.860199999992
2017-09-11 05:41:12.253999,MappingAUVOps2017/20170910m1,54.2744,18754.13459999999
2018-01-25 23:48:35.873157,OceanImaging2018/20180125LASSTankTest/20180125,0.0078,18754.14239999999
2018-01-30 17:21:53.139999,OceanImaging2018/20180129RachelCarson/d20180130,2.3401,18756.48249999999
2018-02-02 02:49:14.069000,OceanImaging2018/20180201TankTest/d20180201,0.0,18756.48249999999
2018-02-05 17:01:07.757000,OceanImaging2018/20180205RachelCarson/d20180205,1.9717,18758.45419999999
2018-02-06 18:19:44.112998,OceanImaging2018/20180205RachelCarson/d20180206,1.1347,18759.588899999988
2018-02-06 18:47:21.266000,OceanImaging2018/20180205RachelCarson/d20180206/lidarold,0.852,18760.440899999987
2018-02-12 19:16:30.617000,OceanImaging2018/20180212TankTest/d20180212,1.1251,18761.565999999988
2018-02-13 23:58:56.702999,OceanImaging2018/20180212TankTest/d20180213,0.0745,18761.640499999987
2018-02-14 21:37:08.300000,OceanImaging2018/20180212TankTest/d20180214,0.1661,18761.806599999985
2018-03-12 21:54:59.055000,MappingAUVOps2018/20180312m1,3.3604,18765.166999999987
2018-03-13 19:49:02.592000,MappingAUVOps2018/20180313m3,3.6952,18768.862199999985
2018-03-13 21:05:59.298999,MappingAUVOps2018/20180313m4,3.0815,18771.943699999985
2018-03-16 19:17:34.441001,OceanImaging2018/20180316RachelCarson/d20180316/multibeam/2survey1,0.3188,18772.262499999986
2018-03-16 20:18:20.228000,OceanImaging2018/20180316RachelCarson/d20180316/multibeam/4survey2,0.2153,18772.477799999986
2018-04-25 09:04:20.918359,MappingAUVOps2018/20180425m1,105.9193,18878.397099999987
2018-04-25 12:05:15.352999,MappingAUVOps2018/20180425m2,112.8497,18991.246799999986
2018-04-26 14:15:11.966081,MappingAUVOps2018/20180426m1,57.6219,19048.868699999985
2018-04-26 16:34:51.222000,MappingAUVOps2018/20180426m2,108.2758,19157.144499999984
2018-04-27 06:32:31.612289,MappingAUVOps2018/20180427m1,79.8504,19236.994899999983
2018-04-27 20:23:46.791000,MappingAUVOps2018/20180427m2,110.4419,19347.436799999985
2018-04-28 05:54:30.997028,MappingAUVOps2018/20180427m3,101.3876,19448.824399999983
2018-04-28 23:21:51.259998,MappingAUVOps2018/20180428m1,73.0731,19521.897499999985
2018-04-30 15:44:01.053999,MappingAUVOps2018/20180430m1,106.9375,19628.834999999985
2018-04-30 18:31:22.432172,MappingAUVOps2018/20180430m2,104.029,19732.863999999983
2018-05-04 16:07:27.552999,MappingAUVOps2018/20180504m1,13.0149,19745.87889999998
2018-05-05 00:12:59.469001,MappingAUVOps2018/20180504m2,107.8197,19853.69859999998
2018-05-05 03:06:30.383758,MappingAUVOps2018/20180504m3,102.976,19956.67459999998
2018-05-06 03:59:24.413999,MappingAUVOps2018/20180505m1,106.7391,20063.41369999998
2018-05-06 07:20:26.962516,MappingAUVOps2018/20180505m2,103.0014,20166.41509999998
2018-05-07 12:28:36.025001,MappingAUVOps2018/20180507m1,108.74,20275.15509999998
2018-05-07 14:16:28.169719,MappingAUVOps2018/20180507m2,100.0946,20375.249699999982
2018-05-08 22:20:44.125633,MappingAUVOps2018/20180508m1,103.3538,20478.603499999983
2018-05-09 00:44:57.913002,MappingAUVOps2018/20180508m2,109.9836,20588.587099999982
2018-05-10 02:33:06.377997,MappingAUVOps2018/20180509m1,100.8224,20689.409499999983
2018-05-10 04:35:32.775001,MappingAUVOps2018/20180509m2,110.3396,20799.749099999983
2018-05-11 04:07:10.588348,MappingAUVOps2018/20180510m1,47.6277,20847.376799999984
2018-05-15 19:51:52.452999,OceanImaging2018/20180515d2,0.9832,20848.359999999982
2018-05-16 16:50:44.276000,OceanImaging2018/20180516d1,2.1432,20850.50319999998
2018-05-17 16:30:19.673999,OceanImaging2018/20180517d1,2.1589,20852.66209999998
2018-05-18 16:24:10.008999,OceanImaging2018/20180518d1,2.4157,20855.07779999998
2018-05-19 16:24:39.179000,OceanImaging2018/20180519d1,2.9775,20858.05529999998
2018-05-20 16:35:26.276000,OceanImaging2018/20180520d1,1.4481,20859.503399999983
2018-05-21 16:13:24.726000,OceanImaging2018/20180521d1,1.9505,20861.453899999982
2018-05-22 16:51:23.509000,OceanImaging2018/20180522d1,1.9014,20863.35529999998
2018-05-23 16:17:31.846998,OceanImaging2018/20180523d1,2.3496,20865.704899999982
2018-06-29 18:26:09.402999,MappingAUVOps2018/20180629m1,3.3044,20869.009299999983
2018-06-29 22:06:29.412000,MappingAUVOps2018/20180629m3,1.6234,20870.632699999984
2018-07-11 16:40:03.246999,MappingAUVOps2018/20180711m1,2.0178,20872.650499999985
2018-07-11 17:13:26.325000,MappingAUVOps2018/20180711m2,2.0402,20874.690699999985
2018-07-11 19:33:11.192999,MappingAUVOps2018/20180711m4,2.0125,20876.703199999985
2018-07-12 21:23:36.451000,MappingAUVOps2018/20180712m5,2.3051,20879.008299999987
2018-07-13 17:31:39.865001,MappingAUVOps2018/20180713m1,2.361,20881.369299999988
2018-07-13 21:15:17.591999,MappingAUVOps2018/20180713m2,2.3253,20883.694599999988
2018-07-13 22:41:35.016998,MappingAUVOps2018/20180713m3,1.4414,20885.135999999988
2018-07-24 19:34:33.811000,OceanImaging2018/20180724d1,0.7558,20885.891799999987
2018-07-25 17:24:09.240998,OceanImaging2018/20180725d1,0.0,20885.891799999987
2018-07-25 20:40:37.164001,MappingAUVOps2018/20180725m1,103.5259,20989.417699999987
2018-07-25 21:04:06.721602,MappingAUVOps2018/20180725m2,1.2139,20990.631599999986
2018-07-26 17:04:58.828000,OceanImaging2018/20180726d1,0.4196,20991.051199999987
2018-07-26 18:16:45.763000,OceanImaging2018/20180726d2,0.942,20991.993199999986
2018-08-23 03:33:14.880000,MappingAUVOps2018/20180822m2,83.3654,21075.358599999985
2018-08-24 21:34:18.311000,MappingAUVOps2018/20180824m1,92.5142,21167.872799999986
2018-09-13 16:39:59.835998,MappingAUVOps2018/20180913m1,2.062,21169.934799999988
2018-09-20 01:30:49.040000,MappingAUVOps2018/20180919m1,90.844,21260.77879999999
2018-09-20 19:15:48.898986,MappingAUVOps2018/20180920m1,100.5035,21361.282299999988
2018-09-21 04:44:37.062999,MappingAUVOps2018/20180920m2,81.5173,21442.799599999988
2018-09-22 15:51:33.377000,OceanImaging2018/20180922d1,3.4678,21446.267399999986
2018-09-23 15:32:26.421998,OceanImaging2018/20180923d1,4.2178,21450.485199999985
2018-09-24 15:27:53.292999,OceanImaging2018/20180924d1,3.7519,21454.237099999984
2018-09-25 02:23:46.807998,MappingAUVOps2018/20180924m1,78.4987,21532.735799999984
2018-09-25 13:45:11.319998,OceanImaging2018/20180925d1/lidarorg,1.5939,21534.329699999984
2018-09-25 14:46:09.201000,OceanImaging2018/20180925d1,1.6104,21535.940099999985
2018-10-03 00:11:28.908998,OceanImaging2018/20181003t1,0.0609,21536.000999999986
2018-10-08 20:01:24.566999,MappingAUVOps2018/20181008m1,94.3131,21630.314099999985
2018-11-05 01:05:41.862998,MappingAUVOps2018/20181104m1,79.5589,21709.872999999985
2018-11-05 06:29:41.344001,OceanImaging2018/20181104d1,0.5898,21710.462799999987
2018-11-05 16:13:49.058000,OceanImaging2018/20181105d1,1.3357,21711.798499999986
2018-11-06 07:31:11.592000,MappingAUVOps2018/20181105m1,77.95,21789.748499999987
2018-11-06 09:05:56.493000,OceanImaging2018/20181105d2,2.4787,21792.227199999987
2018-11-06 22:30:56.217000,OceanImaging2018/20181106d1,3.2397,21795.466899999985
2018-11-07 10:02:57.772998,MappingAUVOps2018/20181106m1,66.3221,21861.788999999986
2018-11-07 14:52:11.743000,OceanImaging2018/20181107d1,11.7926,21873.581599999987
2018-11-08 09:16:02.894000,MappingAUVOps2018/20181107m1,15.9692,21889.550799999986
2018-11-09 04:21:23.561000,MappingAUVOps2018/20181108m1,77.6517,21967.202499999985
2018-11-10 06:44:10.755000,MappingAUVOps2018/20181109m1,54.7704,22021.972899999986
2018-11-11 04:55:36.423999,MappingAUVOps2018/20181110m1,70.2062,22092.179099999987
2019-01-24 18:12:32.236999,2019/20190124m1,1.9991,22094.178199999988
2019-01-25 20:21:56.958000,2019/20190125m1,5.5908,22099.76899999999
2019-03-08 17:20:00.039999,2019/20190308m1,5.0129,22104.78189999999
2019-03-08 21:17:34.876857,2019/20190308m2,0.6119,22105.39379999999
2019-03-14 16:41:52.696998,2019/20190314m1,5.0323,22110.42609999999
2019-03-14 17:41:55.290790,2019/20190314m2,5.0348,22115.46089999999
2019-03-15 05:22:18.882999,2019/20190314m4,96.3031,22211.763999999992
2019-03-16 07:35:34.103649,2019/20190315m1,93.0633,22304.827299999994
2019-03-16 09:32:48.070999,2019/20190316m1,102.2251,22407.052399999993
2019-03-17 10:01:47.037067,2019/20190317m1,96.2729,22503.325299999993
2019-03-17 11:46:13.689000,2019/20190317m2,95.9479,22599.273199999992
2019-03-18 12:09:53.564998,2019/20190318m1,97.3952,22696.66839999999
2019-03-18 15:38:22.348867,2019/20190318m2,95.7839,22792.45229999999
2019-03-19 13:44:27.387001,2019/20190319m1,12.4039,22804.85619999999
2019-04-29 16:32:18.762001,2019/20190429m1,3.5433,22808.399499999992
2019-04-29 18:32:26.317220,2019/20190429m3,1.6563,22810.05579999999
2019-05-09 17:12:56.379001,2019/20190509m1,5.563,22815.61879999999
2019-05-09 18:04:39.621906,2019/20190509m2,5.56,22821.17879999999
2019-05-10 07:48:03.595000,2019/20190510m1,95.4873,22916.66609999999
2019-05-10 09:46:46.410079,2019/20190510m2,91.0949,23007.76099999999
2019-05-11 09:13:44.757000,2019/20190511m1,96.4854,23104.246399999993
2019-05-11 10:59:41.472473,2019/20190511m2new,95.3146,23199.560999999994
2019-06-13 16:31:39.884998,2019/20190613m1Test,3.5342,23203.095199999992
2019-06-13 18:18:06.464170,2019/20190613m3,3.4939,23206.589099999994
2019-06-13 20:07:25.662399,2019/20190613m6,3.5003,23210.089399999993
2019-06-13 21:01:56.578926,2019/20190613m8,3.357,23213.446399999993
2019-06-27 15:11:00.203000,2019/20190627d1,2.2136,23215.659999999993
2019-06-28 15:35:00.500999,2019/20190628d1,1.7555,23217.415499999992
2019-07-15 17:14:36.583999,2019/20190715m1,1.725,23219.14049999999
2019-07-15 18:03:18.760000,2019/20190715m2,1.7044,23220.84489999999
2019-07-15 19:20:27.902000,2019/20190715m3,1.7238,23222.56869999999
2019-08-07 16:23:57.757999,2019/20190807m2,2.0684,23224.63709999999
2019-08-07 18:29:47.722999,2019/20190807m3,1.9077,23226.54479999999
2019-08-07 19:28:16.111999,2019/20190807m4,1.703,23228.24779999999
2019-08-07 21:12:06.447000,2019/20190807m6,1.6908,23229.93859999999
2019-08-15 17:33:49.284000,2019/20190815m1,5.0368,23234.975399999992
2019-08-15 18:45:17.776138,2019/20190815m2,5.0494,23240.024799999992
2019-08-17 20:43:00.041270,2019/20190817m1,5.046,23245.07079999999
2019-08-20 21:33:44.722000,2019/20190820m1,80.766,23325.83679999999
2019-08-21 00:12:44.086631,2019/20190820m2,78.7247,23404.56149999999
2019-08-21 21:06:57.745998,2019/20190821m1,89.1067,23493.66819999999
2019-08-22 00:30:36.243167,2019/20190821m2,83.2295,23576.89769999999
2019-08-28 03:30:52.522998,2019/20190827m1,5.1738,23582.07149999999
2019-08-28 05:55:54.098999,2019/20190827m2,74.3167,23656.38819999999
2019-08-28 07:55:46.392002,2019/20190827m3,83.0997,23739.48789999999
2019-08-29 04:01:10.449999,2019/20190828m1,80.7974,23820.28529999999
2019-08-29 09:49:10.914664,2019/20190828m2,80.2732,23900.55849999999
2019-08-30 06:16:27.149999,2019/20190829m1,85.7372,23986.295699999988
2019-08-30 08:59:22.195997,2019/20190830m1,84.0289,24070.32459999999
2019-08-31 06:23:52.596000,2019/20190830m2,72.1997,24142.52429999999
2019-08-31 09:02:05.096999,2019/20190831m1,66.519,24209.04329999999
2019-09-24 19:47:00.000998,2019/20190924d1,2.3109,24211.35419999999
2019-09-26 15:37:45.322000,2019/20190926d1,4.9817,24216.33589999999
2019-09-27 14:15:41.878998,2019/20190927d1,4.439,24220.77489999999
2019-10-02 19:07:04.019000,2019/20191002t1,0.0049,24220.77979999999
2019-11-06 17:56:46.666999,2019/20191106m1,2.9017,24223.681499999988
2019-11-15 16:51:33.125000,2019/20191115m1,1.6142,24225.295699999988
2019-11-15 18:06:31.607999,2019/20191115m2,1.6497,24226.94539999999
2019-11-15 21:03:25.752000,2019/20191115m5,1.6131,24228.55849999999
2019-11-15 21:31:51.318000,2019/20191115m6,1.0006,24229.559099999988
2020-02-06 17:44:26.072000,2020/20200206m1,1.6597,24231.218799999988
2020-02-06 18:23:12.274999,2020/20200206m2,2.806,24234.02479999999
2020-02-06 20:04:19.402999,2020/20200206m3,1.6565,24235.68129999999
2020-02-20 21:56:13.007998,2020/20200220d1,0.1958,24235.87709999999
2020-02-21 23:17:14.186000,2020/20200221d3,1.0193,24236.89639999999
2020-06-22 19:01:26.357049,2020/20200622m1,0.4387,24237.33509999999
2020-06-22 19:53:53.557502,2020/20200622m2,7.3521,24244.68719999999
2020-06-22 20:24:41.086765,2020/20200622m3,11.4502,24256.13739999999
2020-07-07 17:59:13.863905,2020/20200707m1,5.0418,24261.179199999988
2020-07-07 18:39:34.652748,2020/20200707m2,5.01,24266.189199999986
2020-07-07 20:43:42.961860,2020/20200707m3,5.0171,24271.206299999987
2020-07-07 21:12:46.533958,2020/20200707m4,4.9947,24276.200999999986
2020-07-13 17:26:49.227764,2020/20200713m1,2.201,24278.401999999987
2020-07-13 18:15:09.832921,2020/20200713m2,2.2272,24280.62919999999
2020-07-13 19:42:45.632774,2020/20200713m3,2.1809,24282.810099999988
2020-07-15 20:51:53.378726,2020/20200715m1,1.4181,24284.228199999987
2020-07-15 23:34:04.741645,2020/20200715m2,46.253,24330.481199999987
2020-07-30 17:22:12.372294,2020/20200730m1,25.7958,24356.276999999987
2020-07-30 19:23:58.572738,2020/20200730m2,58.066,24414.342999999986
2020-08-03 19:51:10.066854,2020/20200803m2,85.1911,24499.534099999986
2020-08-03 20:32:25.086378,2020/20200803m3,11.5387,24511.072799999987
2020-08-04 19:23:37.234081,2020/20200804m1,17.5736,24528.646399999987
2020-08-13 16:39:11.903094,2020/20200813m1,82.9646,24611.610999999986
2020-08-13 20:17:10.500999,2020/20200813m2,63.8196,24675.430599999985
2020-09-03 13:24:36.632559,2020/Sentry562/multibeam/proc,23.4736,24698.904199999986
2020-09-05 18:51:37.132880,2020/Sentry563/multibeam/proc,18.4393,24717.343499999984
2020-09-10 20:51:23.728461,2020/Sentry564/multibeam/proc,53.3833,24770.726799999986
2020-09-12 04:50:04.632647,2020/Sentry565/multibeam/proc,52.9093,24823.636099999985
2020-09-13 14:42:44.632573,2020/Sentry566/multibeam/proc,42.0393,24865.675399999986
2020-09-16 23:36:06.220669,2020/Sentry567/multibeam/proc,48.9463,24914.621699999985
2020-09-18 04:29:46.632576,2020/Sentry568/multibeam/proc,54.4889,24969.110599999985
2020-09-24 22:50:33.395999,2020/20200924t1,0.0187,24969.129299999986
2020-10-13 15:48:20.667999,2020/20201013d1,4.9006,24974.029899999987
2020-10-14 16:07:37.739000,2020/20201014d1,4.4721,24978.501999999986
2020-10-15 15:43:31.226999,2020/20201015d1,4.983,24983.484999999986
2020-10-16 15:25:39.944000,2020/20201016d1,4.1333,24987.618299999987
2020-10-17 16:39:35.516999,2020/20201017d1,0.327,24987.94529999999
2021-03-26 18:13:42.493839,2021/20210326m1,4.1245,24992.06979999999
2021-04-06 16:24:48.243820,2021/20210406m1,4.8062,24996.87599999999
2021-04-09 17:02:38.351196,2021/20210409m1,5.0645,25001.94049999999
2021-04-26 23:21:47.315000,2021/20210426d1,0.6593,25002.59979999999
2021-04-27 17:41:11.917999,2021/20210427d1,2.9351,25005.534899999988
2021-04-28 15:46:21.098999,2021/20210428d1,4.7622,25010.29709999999
2021-04-30 17:33:23.816000,2021/20210430d1,2.3215,25012.618599999987
2021-06-17 18:09:51.617622,2021/20210617m1,4.7615,25017.380099999988
2021-06-17 22:06:10.769954,2021/20210617m2,1.881,25019.26109999999
2021-07-27 22:40:33.708435,2021/20210727m1,71.3143,25090.575399999987
2021-07-28 04:32:43.777843,2021/20210727m2,68.7411,25159.316499999986
2021-07-29 04:02:26.904979,2021/20210728m1,7.6306,25166.947099999987
2021-07-31 00:06:18.193807,2021/20210730m1,80.4647,25247.411799999987
2021-08-02 00:54:10.353725,2021/20210801m1,81.6243,25329.036099999987
2021-08-02 04:38:35.308002,2021/20210801m2,71.4576,25400.493699999988
2021-08-03 18:33:12.945194,2021/20210803m1,24.2519,25424.745599999987
2021-08-04 23:52:13.441433,2021/20210804m1,4.7479,25429.493499999986
2021-08-05 00:55:02.139131,2021/20210804m2,4.7215,25434.214999999986
2021-08-05 19:18:21.469907,2021/20210805m1,73.3564,25507.571399999986
2021-08-06 20:47:58.926055,2021/20210806m1,72.9216,25580.492999999988
2021-08-12 17:52:39.847625,2021/20210812m1,4.3794,25584.87239999999
2021-08-12 23:44:20.183321,2021/20210812m2,74.3479,25659.22029999999
2021-08-13 02:26:21.612049,2021/20210812m3,78.4399,25737.66019999999
2021-08-14 06:03:06.093845,2021/20210813m1,75.2766,25812.936799999992
2021-08-14 08:55:14.396871,2021/20210813m2,84.554,25897.490799999992
2021-08-15 15:16:52.732608,2021/20210815m1,79.7754,25977.26619999999
2021-08-16 02:02:39.443286,2021/20210815m3,77.234,26054.50019999999
2021-08-17 02:33:44.410785,2021/20210816m1,84.0179,26138.51809999999
2021-08-17 04:42:34.206790,2021/20210816m2,81.9777,26220.49579999999
2021-08-18 02:56:03.260547,2021/20210817m1,59.7734,26280.269199999988
2021-08-23 04:36:24.665279,2021/20210822m2,83.4174,26363.686599999986
2021-08-23 15:51:23.840097,2021/20210823m1,20.636,26384.322599999985
2021-08-24 19:26:58.634067,2021/20210824m1,84.6465,26468.969099999984
2021-08-24 21:48:46.624702,2022/CameronJordan/20220119Example,6.0434,26475.012499999983
2021-08-25 22:01:54.442279,2021/20210825m1,76.1818,26551.19429999998
2021-08-26 00:07:23.337425,2021/20210825m2,80.4924,26631.68669999998
2021-09-05 22:26:22.478000,2021/20210905d1,1.2168,26632.90349999998
2021-09-06 14:52:07.739000,2021/20210906d1,4.719,26637.62249999998
2021-09-07 15:15:35.970999,2021/20210907d1,4.8582,26642.48069999998
2021-09-08 15:10:42.717000,2021/20210908d1,3.664,26646.14469999998
2021-09-09 15:10:20.227998,2021/20210909d1,4.5443,26650.68899999998
2021-09-10 14:46:45.243000,2021/20210910d1,1.1207,26651.80969999998
2022-01-26 17:24:00.171170,2022/20220126m2,7.401,26659.21069999998
2022-01-26 18:40:15.110795,2022/20220126m3,0.9708,26660.18149999998
2022-01-26 19:04:43.244678,2022/20220126m4,7.3701,26667.55159999998
2022-01-27 19:02:44.861381,2022/20220127m1,3.9271,26671.47869999998
2022-01-27 21:41:07.312055,2022/20220127m2,1.2231,26672.70179999998
